NCN1C(NCN2CCN(F)CC2)CCC1N1CCCCC1,0.0
NCN1C(NCN2CCN(C3CCCN3)CC2)CCC1N1CCCCC1,-0.0020521617128452796
CCN1CCCC1N1CCN(C2CCC(N3CCC(C[NH3+])C3)N2)CC1,-0.00904631907530673
CN1CCC(NCN2C=CCC(C=CCl)=C2)C1N1CCN(CN)CC1,-0.011724584659655424
CN(C)C1CCN(C2CCCN2CN(CNCN)c2cnn(Cl)c2F)CC1,0.004619501198530607
CC1CCC(N2CCN(CN(C[NH3+])c3ccn(Cl)n3)CC2)N1CCN,-0.004248729378055427
CNCn1nc(C2CCC(N3CCN(CCF)CC3)N2CN)cc1Cl,0.007314536075103351
C=CN(CN1CCN(C2CCC(N)N2)CC1)c1cc(CCC#N)n(N(C)C)n1,0.012058778461466635
CCc1cc(CN)cc(CCN2CCN(C(C=CBr)NC)CC2)n1,0.040825713211413484
CN1CCN(CN(CCC#N)C2CCC(NCc3ccccc3)N2)CC1,-0.02332883007068698
CCN1CCN(C(NC2CCC(N(C)C)N2)N2CCC(C)C2C#N)CC1,-0.0004310951951524977
CC=Cc1cc(CN)nn1C(N)N1CCC(N(C)C)C1N1CCCC1N,-0.027110200659155148
C=Cc1cn(CNC2CCN(CNC)C2N2CCN(C)CC2)nc1Cl,-0.015141851990706834
CN1CCN(C(NC2CCC(N3C=CCC(Br)=C3)N2)N2CCCC2)CC1,-0.0006429123175587526
CC=CC1=CN(C2CC(CCF)C(N3CCN(C[NH3+])CC3)N2C[NH3+])C=CC1,-0.006478311587331809
CCCN1CCCC1N1CCN(C2CCC(N3CCC(C[NH3+])C3)N2)CC1,0.0023874035954205564
CCCN1CCCC1N1CCN(C2CCC(N3CCC(C[NH3+])C3)N2)CC1,0.0023874035954205564
CCCN1CCCC1N1CCN(C2CCC(N3CCC(C[NH3+])C3)N2)CC1,0.0023874035954205564
CC=Cn1cc(C2CCC(N3CCN(C[NH3+])CC3)N2CN)c(COF)n1,-0.025204475405957494
CCN1CCN(C(NC(N)n2cc(Cl)c(Cl)n2)N2CCOCC2)CC1,0.0238010561091182
NCN1CCN(C(CN)(Oc2nc(-c3cscn3)cs2)N2CCCC2)CC1,-0.022162945028803338
CCN1CCN(C(NC(N)n2ccc(C(F)(F)F)n2)N2CCOCC2)CC1,0.005400006943488078
CCN1CCC(NCN2C=CCC(Br)=C2)C1N1CCN(CNC)CC1,0.0010729007012004743
CCN1CCC(NCN2C=CCC(Br)=C2)C1N1CCN(CNC)CC1,0.0010729007012004743
CCN1CCC(NCN2C=CCC(Br)=C2)C1N1CCN(CNC)CC1,0.0010729007012004743
C=CN(CN1CCN(C2CCC(N)N2)CC1)c1cc(CCC#N)n(N(C)C)n1,0.012058778461466635
CC(C)N1CCC(NCN2C=CCC(CN)=C2)C1N1CCN(C)CC1,-0.003763258368166378
CNCC1=CN(CNC2CCN(C(C)C)C2N2CCN(C)CC2)C=CC1,-0.005756079132853142
CCN1CCC(NC(F)c2ccc[n+](Cl)c2)C1N1CCN(CN)CC1,-0.014326654772460645
CN1CCCC1N(CN)CN1CCN(CCc2nc(C(F)(F)F)cs2)CC1,0.36238899694220716
CNCC1=CN(CNC2CCN(C(C)C)C2N2CCN(C)CC2)C=CC1,-0.005756079132853142
C=Cn1ncc(F)c1C(C#N)NCCN1CCN(C2CCCN2CN)CC1,-0.05780775258044468
CCN1CCN(CCN2CCC(NCc3cc(C)ncc3C[NH3+])C2)CC1,-0.05399148090253503
CNCC1=CN(CNC2CCN(C(C)C)C2N2CCN(C)CC2)C=CC1,-0.005756079132853142
NCCCN1CCCC1N1CCN(C(N)N2C=CCC(Br)=C2)CC1,0.004101434876880972
CC=Cn1nc(C2CC(Cl)C(N3CCN(C[NH3+])CC3)N2C[NH3+])cc1Cl,-0.009053865256807625
CC=Cn1nc(C2CC(Cl)C(N3CCN(C[NH3+])CC3)N2C[NH3+])cc1Cl,-0.009053865256807625
C=Cc1cc(C[NH3+])n(CNC2CCN(CC)C2N2CCN(C)CC2)n1,0.000653458779444005
CN(C)C(N)(Oc1nccs1)N1CCN(CCn2nccc2Cl)CC1,0.0044575727204911875
CN(Cc1c[nH]c2ccccc12)CN(C[NH3+])C1CC(N2CCOCC2)CN1C,-0.024052949070540786
CNCC1=CN(C2CCN(CN(C)C3CCCN3CN)CC2)C=CC1,0.010722999527737143
NCC1=CN(c2nccc(C(N)N3CCN(C4CCCN4)CC3)n2)C=CC1,-0.005782595576182548
CN1CCN(CCN2CCC(NCc3ccncc3Br)C2N)CC1,-0.022825017647427837
CCNC1CC(N2CCN(CCc3csc(C)n3)CC2)N(C[NH3+])C1,0.019913095706950323
CC=Cc1cn(C(N)N2CCC(N(C)C)C2N2CCCC2N)nc1CN,0.006834410277110847
CN1CCN(C(N)N2CCC(C#N)C2C=Cc2cn(F)nc2C[NH3+])CC1,-0.1427552225437584
CC=Cc1cn(C)nc1CNC1CCN(CCN2CCN(C)CC2)C1N,0.06547798768993718
C=CC1=CN(CNC2CCN(CC)C2N2CCN(CN)CC2)C=CC1,-0.006310094624708329
CN(C)CCN1C(N)CCC1N1CCN(C(N)N2C=CCC=C2)CC1,-0.001291045462021967
CC=Cn1nc(C2CCC(N3CCN(C[NH3+])CC3)N2C[NH3+])c(C)c1Cl,-0.004103150959934521
C=CC1=CN(CNC2CCN(CC)C2N2CCN(CN)CC2)C=CC1,-0.006310094624708329
N#CC1=CN(OCN2CCC(N3CCCC3N3CCN(CN)CC3)C2)C=CC1,-0.0035324709839316126
CCN1CCN(C(N)N2CCCC2N2CCC(CN)C2)CC1,-0.003664005119814795
COc1csc(C2=CN(C3CC(N4CCOCC4)C(N)N3C[NH3+])C=CC2)n1,0.00389108506754432
CN1CCN(C2CC(NCc3csc(-c4ccc(C#N)s4)n3)N(CN)C2)CC1,-0.008516933481405697
CC(C)N1CCN(C2CC(N3CCN(C)CC3)C(NCC=CCl)N2)CC1,-0.0018144569955680367
CC(OF)(C1CCCN(C2CCCN2CN)C1)N1CCN(CN)CC1,0.0066536163453193575
Cc1cn(CNC2CCN(CN)C2N2CCN(C)CC2)nc1Br,-0.006631331378877059
c1ccc2c(CNC3CC(N4CCNCC4)C(N4CCCC4)N3)cccc2c1,0.003853354160039957
CCc1cc(N(F)CN2CCN(C3CC(N)CN3C)CC2)nn1CN,0.004354127149083453
CN1CCN(C2C(NCn3nc(Br)cc3C#N)CCN2CN)CC1,-0.006799548341500539
C=Cn1nc(NCN2CCN(C3CCN(C)C3)CC2)cc1OC(F)CN,-0.04308798229031996
C=Cn1nc(NCN2CCN(C3CCN(C)C3)CC2)cc1OC(F)CN,-0.04308798229031996
C=Cn1nc(NCN2CCN(C3CCN(C)C3)CC2)cc1OC(F)CN,-0.04308798229031996
CN1C(c2nn(F)cc2N2C=CCC(C[NH3+])=C2)CCC1N1CCN(C[NH3+])CC1,0.012007108079800988
CN1CCN(C2CC(c3nc(Cl)cs3)CN2C2CC(N)CN2C[NH3+])CC1,-0.005799993716865126
[NH3+]CN(CN1CCCC1N1CCOCC1)C1CCC(c2ccc(Cl)s2)N1,-0.02573973025213694
CC1CCN(C2C(C)CC(NC(NCN(C)C)c3cscn3)N2C)C1,-0.015366350890357539
NCN1C(c2nn(F)cc2N2C=CCC=C2)CCC1N1CCN(C[NH3+])CC1,-0.012068355150250287
CC=Cn1nc(C2CC(Cl)C(N3CCN(C[NH3+])CC3)N2C[NH3+])cc1Cl,-0.009053865256807625
CC=Cn1nc(C2CCC(N3CCN(C[NH3+])CC3)N2C[NH3+])c(C)c1Cl,-0.004103150959934521
CC=Cn1nc(C2CCC(N3CCN(C[NH3+])CC3)N2C[NH3+])c(C)c1Cl,-0.004103150959934521
CCN1CCC(NCN2C=CCC(Br)=C2)C1N1CCN(CN)CC1,-0.012495028829278443
CN(C)C(NC[NH3+])N1CCN(CCN2C=CCC(c3cscn3)=C2)CC1,-0.007729510403405748
CCN1CCN(CCN2CCC(NCc3cc(C)ncc3C[NH3+])C2)CC1,-0.05399148090253503
CN1CCN(C(NC2CC(N3CCCCC3)CN2)N2CCOCC2)CC1,0.04176694214153176
NC(N1CCOCC1)N1CCN(CCN2CCCC2C=CCl)CC1,0.05831320277909502
CC(O)N1CCCC1N1CCN(CCc2ccc(OCCN)s2)CC1,-0.010294268841012255
[NH3+]CN1C(c2nn(C[NH3+])c(Cl)c2F)CCC1N1CCN(C2CC2)CC1,-0.007704461273145946
CCC1CCC(N2CCN(CNc3cc(Cl)n(N(C)C)n3)CC2)N1CN,-0.001068852340052051
CCC1CCC(N2CCN(CNc3cc(Cl)n(N(C)C)n3)CC2)N1CN,-0.001068852340052051
CN1C(c2nn(C)cc2N2C=CCC(C[NH3+])=C2)CCC1N1CCN(CN)CC1,-0.03243162112225817
CCN1CCN(C(NC(N)c2csc(C)n2)N2CCOCC2)CC1,0.024977736382871152
CNC(C)N1CCN(C2CCCN2CCC2=CN(C[NH3+])C=CC2)CC1,-0.0061704902669423856
CCN1CCN(CCN2CCC(NCc3cc(C)ncc3C[NH3+])C2)CC1,-0.05399148090253503
CNCN1C(N)CCC1N1CCN(CCc2cccc(Br)c2)CC1,0.0048081557360522
CC=Cn1nc(C2CCC(N3CCN(C[NH3+])CC3)N2C[NH3+])cc1Cl,0.02622704865356984
CCN1CCN(C2CCC(NCNC(C)c3ncccc3F)N2C)CC1,-0.010858555524354774
Cc1nc(CCN2CCN(C3CC(N)CN3CNC(F)(F)F)CC2)cs1,0.030431215022239333
CC1CC(N2CCN(C(N)N3C=CCC(Cl)=C3)CC2)N(CCN)C1,0.0009648435744311623
CCN1CCN(C(NC(N)n2cc(C)c(C)n2)N2CCOCC2)CC1,0.0037164748122604507
CC1CCN(C2CC(N3C=CCC(c4nc(CN)cs4)=C3)N(C[NH3+])C2)C1N,0.02277582350576457
CCN1CCN(C2C(NC(N)N3C=CCC(F)=C3)CCN2CC)CC1,0.004538379747396237
CC1CCN(C2CC(N3C=CCC(c4nc(CN)cs4)=C3)N(C[NH3+])C2)C1N,0.02277582350576457
CC1CC(N2CCN(C(N)N3C=CCC(Cl)=C3)CC2)N(CCCN)C1,0.001280420692474249
CC(C)NCN1CCC(NCn2ccc(F)n2)C1N1CCN(C)CC1,-0.011128541129163394
CC1CCN(C2CC(N3C=CCC(c4nc(CN)cs4)=C3)N(C[NH3+])C2)C1N,0.02277582350576457
C=Cc1c(CC)nn(C(N)N2CCN(C3CCC(C)N3)CC2)c1C[NH3+],0.0009292088284548194
CCN1CCCC1N1CCN(C(NC(F)(F)F)N2CCC(N)CC2)CC1,0.0043879801577609845
CC(C)NCN1CCCC1N1CCN(CNC2CCN(C)C2)CC1,-0.006293849372866256
CCN1CCN(C(CN)(C[NH3+])Oc2csc(C3=CN(C#N)C=CC3)n2)CC1,-0.003402508969194473
CNCCN1CCC(NC(c2ccc[n+](Cl)c2)N2CCN(C)CC2)C1,0.009782347042039063
CNCc1cc(C2=CN(C(NC)N3CCN(C)CC3)C=CC2)nc(C)n1,0.024696117081581925
CC(=O)C1CCC(N2CCOCC2)N1CNC1CCC(N2C=CCC=C2)N1,-0.00432240945576523
CCn1nc(OCN2C(N)CCC2N2CC(C[NH3+])CC2C#N)cc1Cl,-0.035609716422962734
CCc1nn(CNC2CCN(CN)C2N2CCN(C)CC2)cc1Br,-0.012532340504477157
C=Cc1cn(CNC2CCN(CN)C2N2CCN(C)CC2)nc1Br,-0.015096050861319599
NCC1=CN(c2cc(OCN3CCCC3N3CCC(C[NH3+])C3)ccn2)C=CC1,0.004489853608022676
CN1CCN(C2CC(N3C=CCC(CCN)=C3)N(CNC3CC3)C2)CC1,-0.01982425761199358
C=Cc1c(C2CCC(N3CCN(CCF)CC3)N2CN)nn(CN)c1Cl,-0.011622396785164524
CN1CCN(C2C(NCN3C=CCC(CN)=C3)CCN2C2CCCC2)CC1,-0.0063548476733314985
NCC1=CN(N2C=CCC(C3CCC(N)N3CCN3CCOCC3)=C2)C=CC1,0.03317676739163733
CNC(N1C=CCC(c2cc(CCF)nc(C[NH3+])n2)=C1)N1CCN(C)CC1,-0.022389120857676414
CN1CCCC1NC(NCN1C=CCC(c2ccncn2)=C1)N1CCCC1,-0.0006466854083091444
c1ccc2cc(C3CCN(C4CCC(NCN5CCNCC5)N4)CC3)ccc2c1,-0.007700583374319114
C=CC1=CN(C(N)N2CCN(C3CCC(N)N3CCCC)CC2)C=CC1,0.004200583317156226
CCN(C=O)Cn1nc(C2CC(CN)C(N3CCN(C)CC3)N2)cc1C,0.021385125140001016
CCN(C=O)Cn1nc(C2CC(CN)C(N3CCN(C)CC3)N2)cc1C,0.021385125140001016
CCN(C=O)Cn1nc(C2CC(CN)C(N3CCN(C)CC3)N2)cc1C,0.021385125140001016
CN(C)C1CC(NCN2CCN(C3CCN(C)C3C#N)CC2)NC1C1CC1,0.02386719000532722
CN(C)C1CC(N2CCNCC2)N(C2CC(CCN3CCCC3)CN2)C1,-0.008898854111810683
C=COC(N1CCCCC1)N1CCN(COc2c(F)c(N)nn2CN)CC1,0.03036350900488427
CC1CC(N2CC(C[NH3+])CC2C#N)N(COc2nc(-c3cccs3)cs2)C1N,0.015882596320877185
CN(C)C(NC[NH3+])N1CCN(CCN2C=CCC(c3cscn3)=C2)CC1,-0.007729510403405748
CCc1cc(N(C=CCl)CN2CCN(C3CCC(N)N3)CC2)nn1OC,-0.005061201586315178
CN1C(c2nn(F)cc2N2C=CCC(C[NH3+])=C2)CCC1N1CCN(CN)CC1,-0.001282765623986215
Cc1cc(CNC2CCN(CCN3CCN(C)CC3)C2)c(C[NH3+])cn1,0.002925173835433559
CN1CCN(C2CC(NCc3cccc4ccccc34)N(COCl)C2N)CC1,-0.02014507513385666
C=Cc1ccn(C(C)=CC(N)N2CCN(C3CCCN3C[NH3+])CC2)n1,-0.013382124387935623
CN(C)C1CCN(C2CCCN2C(N)COc2ccn(CN)n2)C1,0.032894833666118894
CN(C)C(NC[NH3+])N1CCN(CCN2C=CCC(c3cscn3)=C2)CC1,-0.007729510403405748
CNCN1CCN(C2CCC(c3cc(F)n(C[NH3+])n3)N2C2CC2)CC1,-0.01911994733857947
Cc1c(Cl)nn(CN)c1COc1ccc(CCN2CCN(CN)CC2)s1,-0.0640061022187941
CCN1CCN(C(NC(N)n2ncc(Cl)c2Cl)N2CCOCC2)CC1,0.021174670522587924
NCc1cccc(C2CCC(N3CCN(CNC4CCOC4)CC3)N2)c1,-0.04289576427820063
CCc1cnc(OC(N)(N2CCCCC2)N2CCN(CN)CC2)nc1,0.12555932229483102
CC(NC1CCC(N2CCN(C[NH3+])CC2)N1)c1csc(-c2nccs2)n1,0.25833700600446063
CNC(N1C=CCC(c2cc(C#N)nc(CN)n2)=C1)N1CCN(C)CC1,-0.012513894283030624
CCN(CN1CCN(C(C)NC(=O)N2C=CCC(CN)=C2)CC1)C1CC1,0.008713304662749888
CN1CCC(NCC2CN(C(F)(F)F)CCC2N2CCN(C[NH3+])CC2)C1,0.01170232619362721
CCN1C(NC(N2CCOCC2)N2CCN(C)CC2)CCC1N(C)C,-0.011580054322298583
CC1CCN(C2CCN(COF)C2N)C1N1CCN(CN)CC1,-0.007945519848868043
CCCN1CCC(NCn2nc(F)cc2CN)C1N1CCN(C)CC1,-0.04245378862001803
CN1CCCC1N1CCN(C(N)c2ccnc(N3C=CCC(CN)=C3)n2)CC1,0.00960239157485876
NCC1=CN(C2CC(CCN3CCCC3)C(N3CCCC3)N2C[NH3+])C=CC1,0.010867739481246752
CN1CCN(C(C=Cc2ccc(-c3nccc(C#N)n3)s2)NCN)CC1,-0.02714594021320782
CCN1CCC(NC(N)N2C=CCC(Cl)=C2)C1N1CCN(C)CC1,0.0010296149656469078
NCN1CCN(C2NCCC2NCN2C=CCC(n3ccc(F)n3)=C2)CC1,-0.007598709924057423
NCN1CCN(C2NCCC2NCN2C=CCC(n3ccc(F)n3)=C2)CC1,-0.007598709924057423
NCN1C(NCC=Cn2cnc3cncnc32)CC(C2CC2)C1N1CCCC1,0.014617353222565521
CCN1CCN(C(NC(=O)N2C=CCC(CNC)=C2)N2CCOCC2)CC1,-0.002712138169941758
CN1CCN(C2C(NCn3nc(Cl)cc3Cl)CCN2CCN)CC1,-0.023824991504368787
CNC(N1CCCC1NCN1CCC(C)C1)N1CCCC1N(C)C,-0.012781888534387664
C=CC1=CN(C(N)N2CCN(C3CC(C)C(N)N3CCF)CC2)C=CC1,0.007130073860637798
CN1CCCC1N1CCN(C(N)c2nc(N3C=CCC(CN)=C3)ncc2F)CC1,0.011799692896603653
CN1CCN(CNC2CCC(N3CCCCC3)N2CN)CC1,-0.020237306241089548
NC(N1CCNCC1)N1CCCC1N1CCC(N2C=CCC(C(F)(F)F)=C2)C1,-0.007593679136390197
CN(C)C1CCCN1CNC1CCCN1CN(C)C1CCCNC1,-0.006439322982910611
CN(C)CCN1C(NCC2CCCN2C)CCC1N1C=CCC(CN)=C1,-0.00043046634669408057
NC(N1C=CCC(C2CCCC2)=C1)N1CCN(C2CCCN2C[NH3+])CC1,0.013902981373816958
CCC1CC(N(C)CN2CCC(COC3=CN(C(C)=O)C=CC3)C2)N(CN)C1,0.004042847162172847
CCC1CC(N(C)CN2CCC(COC3=CN(C(C)=O)C=CC3)C2)N(CN)C1,0.004042847162172847
CCC1CC(N(C)CN2CCC(COC3=CN(C(C)=O)C=CC3)C2)N(CN)C1,0.004042847162172847
CC(=O)N1C=CCC(OCC2CCN(CN(C)C3CC(C)CN3CN)C2)=C1,0.001921322079665777
CC1CCN(CNC2CCCN2CN(C)C2CCCNC2)C1N(C)C,-0.010585949717635934
N#CC1CCN(C2C(C3CC3)CC(NCC=Cn3cnc4cncnc43)N2CN)C1,0.011323340189361542
CC1CCN(CNC2CCCN2CN(C)C2CCCNC2)C1N(C)C,-0.010585949717635934
CC(=O)N1C=CCC(OCC2CCN(CN(C)C3CC(C)CN3CN)C2)=C1,0.001921322079665777
N#CC1CCN(C2C(C3CC3)CC(NCC=Cn3cnc4cncnc43)N2CN)C1,0.011323340189361542
CC(=O)N1C=CCC(OCC2CCN(CN(C)C3CC(C)CN3CN)C2)=C1,0.001921322079665777
CCC1=CN(CNC2CCN(CNC)C2N2CCN(C)CC2)C=CC1,-0.0017299816859889239
CC1CCN(CNC2CCCN2CN(C)C2CCCNC2)C1N(C)C,-0.010585949717635934
CC=CC1=CN(C2CC(CCF)C(N3CCN(C[NH3+])CC3)N2C[NH3+])C=CC1,-0.006478311587331809
CC(=O)N1C=CCC(OCC2CCN(CN(C)C3CCCN3CN)C2)=C1,-0.015148769323749312
CN(C)C1CCC(NCN2CCCC2N2C=CCC(C3CC3)=C2)N1C[NH3+],0.0020963515672552946
NCN1CCN(C2NCCC2NCN2C=CCC(n3ccc(F)n3)=C2)CC1,-0.007598709924057423
CN(C)CNC1CCN(C2CCC(c3ccc(Br)s3)N2C[NH3+])C1,0.011996627272160887
CCN1CC(C[NH3+])CC1N1CCN(CNc2cc(Cl)n(N(C)C)n2)CC1,-0.00839933881968391
CCC1CCC(N2CCN(CNc3cc(Cl)n(N(C)C)n3)CC2)N1CN,-0.001068852340052051
CC(O)n1nc(Cl)cc1OCC1CC(N2CCCC2N(C)C)N(C[NH3+])C1,-0.002093456094947266
C=Cc1csc(C2=CN(C3CC(N4CCN(CS)CC4)CN3C[NH3+])C=CC2)n1,0.007345978498023653
C=Cc1csc(C2=CN(C3CC(N4CCN(CS)CC4)CN3C[NH3+])C=CC2)n1,0.007345978498023653
NCn1nc(Br)cc1C1CCN(C(N)N2CCN(CCF)CC2)C1,-0.029387156118964697
C=Cc1csc(C2=CN(C3CC(N4CCN(CS)CC4)CN3C[NH3+])C=CC2)n1,0.007345978498023653
CCN1CCCC1N1CCN(CCn2nc(C[NH3+])cc2COCl)CC1,0.017783081170254733
N#CCCc1ccn(C(N)N2CCN(C3CCCN3CN)CC2)n1,0.026106833789938055
CC(C)N1CCN(CNC2CCCN2COc2ncncc2CN)CC1,0.008054690710646573
ClOCC1CNC(NC(N2CCCCC2)N2CCN(C3CCOC3)CC2)C1,-0.0038114700833108417
NCN1CCN(C(NCCN2CCCCC2)N2CCCCC2)CC1,0.00820425183567064
CN1CCN(CN(C)C2CCC(N3CCC(NCc4cccs4)C3)N2)CC1,0.12396299048316883
C=Cc1cc(C2CNC(N(CN)CN3CCN(C(C)C)CC3)C2)n(Cl)n1,0.01230675437023121
CN(C)C1CC(N2CCN(CN)CC2)N(C2CC(CCC(F)(F)F)CN2)C1,-0.0071904824664759115
C=CN(CN1CCN(C2CCC(N)N2)CC1)c1cc(CCC#N)n(N(C)C)n1,0.012058778461466635
CC1CCC(N2CCN(CN(C[NH3+])c3ccn(F)n3)CC2)N1CCN,0.003709557479217973
NCN1CCC(N2CCN(CCc3ncnc4c3ncn4Cl)CC2)C1N,-0.01506387478186455
CCN1CCC(NCN2C=CCC(C#N)=C2)C1N1CCN(CNF)CC1,-0.013236965202120365
CCN1CCC(NCN2C=CCC(C#N)=C2)C1N1CCN(CN)CC1,-0.004299980527415426
CN1CCN(C(CCn2ncc(Cl)c2CN)NCCc2nccs2)CC1,0.693932367728086
CCN1C(NC(C)c2csc(Br)n2)CCC1N1CCN(C[NH3+])CC1,0.008530728993659475
CCOCN1CCN(C2C(NCc3nccs3)CCN2CN)CC1,-0.0441007427325818
Cc1nc(CCN2CCN(C3CC(N)CN3CNC3CC3)CC2)cs1,0.03404960905190402
CCN1CCC(NCN2C=CCC(C#N)=C2)C1N1CCN(CNF)CC1,-0.013236965202120365
C=Cc1csc(C2=CN(C3CC(N4CCNCC4)CN3C[NH3+])C=CC2)n1,0.014683067886468892
CCN1CCN(C2CCC(c3cc(COC#N)n(CNC)n3)N2)CC1,-0.026528201410900842
CCNCN1CCN(C2CCC(N3CCC(N(C)C)C3)N2CN)CC1,-0.003246554551509906
CN1CCN(C2C(NCn3nc(F)cc3CN)CCN2CCC#N)CC1,-0.033162552647078014
C=Cn1nc(NCN2CCN(C3CCN(C)C3)CC2)cc1OCCN,-0.01870889006293508
CN1CCN(C2C(NCn3ccc(C=CF)n3)CCN2CCN)CC1,-0.011732864497691065
CCc1cc(Cl)nn1CNC1CCN(CN)C1N1CCN(C)CC1,-0.03073142450688271
CCNCN1CCN(C2CCC(N3CCC(N(C)C)C3)N2CN)CC1,-0.003246554551509906
CCNCN1CCN(C2CCC(N3CCC(N(C)C)C3)N2CN)CC1,-0.003246554551509906
CCN1CC(C2=CN(C=CCN)C=CC2)CC1N1CCN(C(C)NC)CC1,0.004677984105162292
CC(C)N1CCCC1N(CN)CN1CCCC1NCc1ccc[nH+]c1,0.02320805201284193
NCCN1CCN(C2CCC(C3=CN(C4CC4)C=CC3)N2CN)CC1,-0.02300099040770487
[NH3+]CN(CN1CCCC1N1CCOCC1)C1CCC(c2ncccn2)N1,-0.004038169952566006
CN(C)CCN1C(NC(N)N2CCCC2C#N)CCC1N1C=CCC(F)=C1,0.007347236194940487
CN(C)CCN1C(NC(N)N2CCCC2C#N)CCC1N1C=CCC(F)=C1,0.007347236194940487
CN1CCN(C(N)N2CCCC2N2CCCC2CN)CC1,-0.0024236015356100538
CCN1CCC(NC(C#N)N2C=CCC=C2)C1N1CCN(CN)CC1,-0.014764857339892745
CN1CCN(C2C(NCN3C=CCC(C=CCl)=C3)CCN2C[NH3+])CC1,-0.007368761004433844
CC1CC(NC(NCN2CCCCC2)N2CCN(C3CC3)CC2)N(C)C1,-0.008106295438067068
CCCc1cc(N(C=CF)CN2CCN(C3CCCN3)CC2)nn1CN,-0.022069665840806496
N#CC1=CN(CNC2CCNC2N2CCN(CNC3CC3)CC2)C=CC1,-0.02767144790828191
C=C(C)c1cc(CN)nc(CNC2C(C3CCN(CCF)C3)CCN2C)n1,0.7855603044811932
C=Cn1nc(NCN2CCN(C3CCN(C)C3)CC2)cc1OC(F)CN,-0.04308798229031996
Cn1nc(C2CCC(N3CCN(C4CC4)CC3)N2)c(N2C=CCC(C[NH3+])=C2)c1C=O,-0.0028383270939283944
CN(CCC1=CN(F)C=CC1)CN1CCC(C[NH3+])C1N1CCCC1N,-0.0035104612878874564
CCC1CCN(C2CCN(CN)C2NCN2CCN(C)CC2)C1,0.019461792129968014
CC1CCN(C2CCC(N(C)CN3CCN(C)CC3)N2CN)C1N,-0.0040299949226066945
CN(C)CN(C1CCCC1)C1CC(N)C(N2CCCC2N(C)C)N1,-0.011897203561487713
CN(CN)CN(CN1CCC(N2C=CCC(Cl)=C2)CC1)C1CCCN1,0.007625082405479322
CCC(OCl)N1CCCC1N1CCN(CN(CN)COCl)CC1,-0.0066775517405699425
CCN1CCC(NCN2C=CCC(C#N)=C2)C1N1CCN(CNF)CC1,-0.013236965202120365
CCN1CC(C[NH3+])CC1N1CCN(CNc2cc(Cl)n(N(C)C)n2)CC1,-0.00839933881968391
CCN1CCC(NCN2C=CCC(C=CF)=C2)C1N1CCN(CN)CC1,-0.00993362425011679
NCN1CCN(C2CCCN2C2CCCN2C(N)N2CCCC2)CC1,-0.009798107407330336
C=Cn1cc(C2CCC(N3CCN(C[NH3+])CC3)N2CN)c(COF)n1,-0.02182420532587559
N#CC1CCN(C2C(C3CC3)CC(NCC=Cn3cnc4cncnc43)N2CN)C1,0.011323340189361542
C=Cn1nc(CN)c(C2CCC(N3CCN(CN(C)CC)CC3)N2)c1F,0.01809876309637426
CCN1CC(C[NH3+])CC1N1CCN(CNc2cc(Cl)n(N(C)C)n2)CC1,-0.00839933881968391
CN(C)C1CC(N2CCC(NCc3ccc[n+](Cl)c3)CC2)N(CN)C1,0.009879608936939066
NCN1C(N)CCC1N1CCN(CCc2cc(Cl)cc(Br)c2)CC1,0.050279454106813004
NCN1C(NCN2CCN(F)CC2)CCC1N1CCCCC1,-0.003042178802528217
C=Cn1ncc(C)c1-c1csc(CNC2CCC(N3CCNCC3)N2)n1,-0.06585827054495086
NCN1C(NCN2CCN(C3CCCN3)CC2)CCC1N1CCCCC1,-0.0020521617128452796
NCN1C(NCN2CCN(F)CC2)CCC1N1CCCCC1,-0.003042178802528217
CCN1CCN(C(NC2CCN(C[NH3+])C2C=CF)N2CCCC2)CC1,-0.006242807839658915
CC1CCN(C(N)COc2cnn(CN)c2)C1N1CCCC1N(C)C,0.021363534676262397
CCN1CCC(NCn2nc(CN)cc2Cl)C1N1CCN(C)CC1,-0.009375102010976355
NCNC(N1CCCC1)N1CCN(CCc2ccnc(C(F)(F)F)c2)CC1,-0.022463115359615426
NCCOc1ccc(CCN2CCN(C3CCCN3C[NH3+])CC2)s1,0.1694661505091556
CC(C)N(CN1CCC(N2C=CCC(CN)=C2)CC1)C1CCN(CN)C1,-0.010420038532693354
CCN(C=CCN)CN1CCN(C(N)N2CCC(C)CC2)CC1,0.03168063210101446
CN1CCC(NCN2C=CCC(CN)=C2)C1N1CCN(C(F)(F)F)CC1,0.027717524308067176
CN1CCN(C2CCC(c3nn(F)cc3N3C=CCC(C[NH3+])=C3)N2CN)CC1,-0.014126995386916863
[NH3+]CN1CCN(C(F)(Oc2ccc(N3C=CCC(F)=C3)s2)N2CCNCC2)CC1,-0.02144322796815823
CNC(C=CC1=CN(c2nc(C#N)cc(CN)n2)C=CC1)N1CCN(C)CC1,-0.005725265558391257
[NH3+]CN1CCN(C(F)(Oc2ccc(N3C=CCC(F)=C3)s2)N2CCNCC2)CC1,-0.02144322796815823
NCc1cc(C2CN(C3CCCN3)CCC2NCc2cscn2)ncn1,-0.03230794759210509
CC(O)N1CCCC1N1CCN(CCc2ccc(OCCN)s2)CC1,-0.010294268841012255
C=Cc1c(F)c(NCN2CCN(C3CCCN3CNCC)CC2)nn1Cl,0.007755987692903976
CN1CCN(C(F)(Oc2ccc(N3C=CCC=C3)s2)N2CCN(C[NH3+])CC2)CC1,0.0004365060612941951
CN1CCN(C(F)(Oc2ccc(N3C=CCC=C3)s2)N2CCN(C[NH3+])CC2)CC1,0.0004365060612941951
CNC(N1C=CCC(c2cc(Cl)cc(CN)n2)=C1)N1CCN(C)CC1,0.04069716610570773
CC1CCC(N2CCN(C(N)c3ccnc(N4C=CCC(CN)=C4)n3)CC2)N1,0.0010706997315960143
CN1CCN(C(F)(Oc2ccc(N3C=CCC=C3)s2)N2CCN(C[NH3+])CC2)CC1,0.0004365060612941951
CC(C)N1CCC(NCN2C=CCC(CN)=C2)C1N1CCN(C)CC1,-0.003763258368166378
N#Cc1cc(CN)nc(-c2ccc[n+](C(N)N3CCN(C4CC4)CC3)c2)n1,0.007396810415078114
CN(C)CCN1C(NCc2cn(CN)nc2Cl)CCC1N1C=CCC(F)=C1,0.008970084449932081
CCN1CC(N(C)C)CC1N1CCN(C(N)c2cc(CN)nn2C)CC1,-0.014161267627899932
CC=CC1=CN(CNC2CCN(C)C2N2CCN(CN)CC2)C=CC1,-0.00016750288300426686
C=CC1=CN(CNC2CCN(CC)C2N2CCN(CN)CC2)C=CC1,-0.006310094624708329
CCc1nc(C[NH3+])nc(C2=CN(C(NC)N3CCN(C)CC3)C=CC2)c1F,-0.012408876590476847
CCc1cc(N(CN2CCN(C3CCCN3C)CC2)C(=O)O)nn1CN,-0.011207671226846072
Cc1cc(C)n(CNC2CCC(N3C=CCC(C[NH3+])=C3)N2CCN(C)C)n1,-0.0058840497941387016
CCc1cc(C2=CN(C(NC)N3CCN(C)CC3)C=CC2)nc(CN)n1,0.022178417470279377
CN(C)C1CC(NCc2ccnn2Br)N(C2CCCN2CCN)C1,-0.017712165256362544
CN(CCC1=CN(F)C=CC1)CN1CCC(C[NH3+])C1N1CCCC1N,-0.0035104612878874564
FC(F)(F)NCN1C(NCN2CCNCC2)CCC1N1CCCCC1,-0.014885491435830178
CC(C)C1CCN(C2CCC(NCN3CCNCC3)N2CN)CC1,-0.0006026660162208319
CC1CC(N2C=CCC(F)=C2)NC1NC(N1CCOCC1)N1CCN(C)CC1,-0.0020752194896535014
C=CC1=CN(C2CC(C)C(NC(N3CCNCC3)N3CCOCC3)N2)C=CC1,-0.008592709720643632
C=CC1=CN(C2CC(C)C(NC(N3CCNCC3)N3CCOCC3)N2)C=CC1,-0.008592709720643632
C=CC1=CN(C2CC(C)C(NC(N3CCNCC3)N3CCOCC3)N2)C=CC1,-0.008592709720643632
NCN1C(NCN2CCN(C3CCCN3)CC2)CCC1N1CCCCC1,-0.0020521617128452796
C=Cn1nc(C2CCC(N3CCN(C[NH3+])CC3)N2C[NH3+])cc1Cl,0.018578050429755577
CN(C)CCN1C(NC(N)N2CCCC2C#N)CCC1N1C=CCC(F)=C1,0.007347236194940487
NCN1CCN(C2C(NCN3C=CCC(C=CF)=C3)CCN2C2CC2)CC1,-0.011078862100949438
CN1C(N)C(c2nc(-c3nccc(F)n3)cs2)CC1N1CCN(C[NH3+])CC1,-0.02359483296859244
NCN1CCN(C2C(NCN3C=CCC(C=CF)=C3)CCN2C2CC2)CC1,-0.011078862100949438
CC(=O)Nc1csc(OCN2CCN(C(N)N3CCOCC3)CC2)n1,0.037405458850184536
CN(CN)CN(CN1CCC(N2C=CCC(Cl)=C2)CC1)C1CCCN1,0.007625082405479322
NCN1CCN(C2C(NCN3C=CCC(C=CF)=C3)CCN2C2CC2)CC1,-0.011078862100949438
Cn1nc(NCN2CCN(C3CC(C=N)CN3CN)CC2)c(Cl)c1F,-0.16932228817408845
[NH3+]CN1CCN(C(F)(Oc2ccc(N3C=CCC(F)=C3)s2)N2CCNCC2)CC1,-0.02144322796815823
CN(CN1CCN(C2CCC(c3nn(CN)c(Cl)c3F)N2)CC1)C1CC1,0.0033146406473393286
CN1CCCC1N1CCN(CNc2nn(CN)c(Br)c2C#N)CC1,0.0039927489016532425
CC(C)NCN1CCN(C2CCN(CN)C2N2CCCC2)CC1,-0.009800832417316774
CCOCN1CCN(C2C(NCN3C=CCC(F)=C3)CCN2C[NH3+])CC1,-0.00867613694945868
Cc1cc(C=CC(NC2CCCN(C)C2)N2CCN(C)CC2)nc(C[NH3+])n1,-0.02291599105774378
CN1CCCC(N2CCN(C(NC[NH3+])c3csc(C(F)(F)F)n3)CC2)C1,0.2159066615664338
CC1CC(N2CCN(CN)CC2)NC1C=Cn1cc(CN)c(F)n1,-0.06279095738100204
CNC(C)N1CCN(C2CC(c3nccc(Br)n3)CN2CN)CC1,-0.00018511063983961407
CN1CCN(C2C(NC(N)n3nc(C#N)cc3Br)CCN2C)CC1,-0.007606989762093064
CN(C)CCC1CC(NCc2cnn(N(C)C)c2)N(C2CC2)C1N,0.013052359025747196
CC(C)N1CCN(C(N)C=Cc2ccc(-c3cn(C=O)nc3CN)s2)CC1,-0.0030735164173720797
[NH3+]CN1CCN(C(Nc2cn(N3C=CCC(F)=C3)nc2F)N2CCCCC2)CC1,0.005769560220877712
CN(C)C1CCN(C2CCCN2CN(CNCN)c2cn[nH]c2F)CC1,0.0014582799981265326
CCc1nc(CNC2CCC(N3CCN(C4CCOC4)CC3)N2)cs1,0.018627729457969644
CN(C)C1CC(NCc2ccn(C[NH3+])n2)N(C2CCCN2C2CC2)C1,-0.07475500891831788
CCc1cc(N(C[NH3+])CN2CCN(C3CCC(N)N3C)CC2)nn1C(F)(F)F,-0.01106775244485092
Cc1cc(CN)nc(OCN2CCC(N3CCN(CN)CC3)CC2)n1,0.012175429850500907
CNC(N1C=CCC(c2nc(CN)nc(OC)c2F)=C1)N1CCN(C)CC1,0.05429826739236743
CNCc1ccnn1CNC1CCC(N2C=CCC(Cl)=C2)N1CCN(C)C,-0.0017066094849514934
CNCc1ccnn1CNC1CCC(N2C=CCC(Cl)=C2)N1CCN(C)C,-0.0017066094849514934
CCN1CCN(C2CCC(NC(NC)c3csc(C#N)n3)N2C)CC1,-0.018861385814098464
CNCc1ccnn1CNC1CCC(N2C=CCC(Cl)=C2)N1CCN(C)C,-0.0017066094849514934
NCc1ccc(OCF)cc1CCN1CCN(C2CCCN(CN)C2)CC1,-0.012871499439710443
CCN1CCN(C2CCCN2C2CCCN2C(N)C=C(C)CN)CC1,0.004273634546407612
CN(C)CCN1C(NCn2nccc2CN)CCC1N1C=CCC(Cl)=C1,0.0014466463016460374
CC(C)N1CCN(CNC2CCC(N3CCCC3)N2CN)CC1,-0.006858240864285103
CNC(N1CCC(c2c(CN)c(Br)nn2C)CC1)N1CCN(C)CC1,-0.018582281906642795
CC1CC(N2C=CCC(Cl)=C2)N(CCN(C)C)C1NCn1nccc1CN,0.005867975004618109
C=CC1=CN(CNC2CCN(C3CC3)C2N2CCN(CN)CC2)C=CC1,-0.007638641801166135
CC1CC(N2C=CCC(Cl)=C2)N(CCN(C)C)C1NCn1nccc1CN,0.005867975004618109
CC1CC(N2C=CCC(Cl)=C2)N(CCN(C)C)C1NCn1nccc1CN,0.005867975004618109
CC(=O)N1C=CCC(OCC2CCN(CNC3CCCN3C[NH3+])C2)=C1,-0.006055725423283365
C=Cc1cc(N2C=CCC=C2)nn1C(N)N1CCN(C2CCCN2CN)CC1,0.00268883162314959
CN(C)C1CC(NCc2ccn(C)n2)N(C2CCCN2CNC2CC2)C1,0.009749646922201927
CCN1CCN(C2CCCN2C(C#N)NCCc2nc(N)cc(F)n2)CC1,0.38092535333447086
C=CC1=CN(C(NC)N2CCN(C3CCC(N)N3CCF)CC2)C=CC1,-0.015474722441356059
CC1=CN(c2ccn(C(NC3CCCN3CN)N3CCNCC3)n2)C=CC1,-0.006018518556160979
CNCN1C(C#N)C(NCc2cccs2)CC1N1CCC(N)C(C#N)C1,-0.01501692076363692
CNCN1C(C#N)C(NCc2cccs2)CC1N1CCC(N)C(C#N)C1,-0.01501692076363692
CNCN1C(C#N)C(NCc2cccs2)CC1N1CCC(N)C(C#N)C1,-0.01501692076363692
CCN(CN1CCC(COC2=CN(C(C)=O)C=CC2)C1N)C1CCC(C)N1,0.003062786839748033
N#CC1CN(C2CC(NCc3ccc(F)s3)C(C#N)N2CN)CCC1N,-0.013500767130421476
N#CC1CN(C2CC(NCc3ccc(F)s3)C(C#N)N2CN)CCC1N,-0.013500767130421476
N#CC1CN(C2CC(NCc3ccc(F)s3)C(C#N)N2CN)CCC1N,-0.013500767130421476
CN(CN1CCN(C2CCC(O)N2CN)CC1)c1cc(Cl)n(N(C)C)n1,-1.343501069495101e-05
CNC(C1CCN(CN(Cl)c2nccs2)C1N)N1CCN(C)CC1,-0.006969756657575599
NCN1CCN(C2C(NCN3C=CCC(C=CF)=C3)CCN2C2CC2)CC1,-0.011078862100949438
CNCC1CCN(C(N)N2CCN(CCC=Cn3cccn3)CC2)C1,0.0038759927045426412
CCN1CCN(C2CCC(c3cc(Cl)n(CN)n3)N2CN)CC1,0.01105985268528964
NCN(C[NH3+])CN(CN1CCOCC1)c1ccc(-c2ncc(Cl)cn2)s1,0.24034837661946806
CCCN1CC(COc2ccc[n+](Cl)c2)CC1NCN1CCNCC1,-0.022327598516829084
CC1CCC(NC(C[NH3+])c2csc(Cl)n2)N1C1CCC(N(C)C)N1,0.0013300997206882048
CC1CC(N2CCCC2NC(C[NH3+])c2csc(Cl)n2)NC1N(C)C,0.0013139592769225716
CC1CCC(NC(C[NH3+])c2csc(Cl)n2)N1C1CCC(N(C)C)N1,0.0013300997206882048
CC1CC(N2CCCC2NC(C[NH3+])c2csc(Cl)n2)NC1N(C)C,0.0013139592769225716
CN1C(N)C(c2nc(-c3nccc(F)n3)cs2)CC1N1CCN(C[NH3+])CC1,-0.02359483296859244
CC1CCC(NC(C[NH3+])c2csc(Cl)n2)N1C1CCC(N(C)C)N1,0.0013300997206882048
C=Cn1cc(N2C=CCC=C2)c(CNC2CC(N(C)C)CN2C2CCCN2CN)n1,-0.00037460364197239304
CC1CC(N2CCCC2NC(C[NH3+])c2csc(Cl)n2)NC1N(C)C,0.0013139592769225716
NCc1cccc(CCN2CC(C(F)(F)F)CC2N2CCN(CS)CC2)n1,0.04204269219054246
C=Cn1cc(N2C=CCC=C2)c(CNC2CC(N(C)C)CN2C2CCCN2CN)n1,-0.00037460364197239304
C=Cn1cc(N2C=CCC=C2)c(CNC2CC(N(C)C)CN2C2CCCN2CN)n1,-0.00037460364197239304
CN1CCC(N2CCN(CCc3cccc(CNF)c3)CC2)C1C[NH3+],0.021380199160410118
C=Cn1cc(N2C=CCC=C2)c(CNC2CC(N(C)C)CN2C2CCCN2)n1,-0.025917275133560014
CN(Cc1c[nH]c2ccccc12)CN(C[NH3+])C1CC(N2CCOCC2)CN1C,-0.024052949070540786
CN1CCC(N2CCN(CCc3cccc(CNF)c3)CC2)C1C[NH3+],0.021380199160410118
CCCc1cc(C[NH3+])n(C(N)N2CCN(C3CCC(C#N)N3C)CC2)n1,0.08748338660299426
CCN1CCN(C(NC(N)n2nc(Cl)cc2Cl)N2CCOCC2)CC1,0.0243740418628019
N#CC1CCC(N2CCN(CCc3csc(CN)n3)CC2)N1C[NH3+],0.005651965559155925
NCN1CCN(CCC2CCN(COc3ccc4ccccc4c3)C2N)CC1,-0.016846240929138334
Cc1ncc(OCN2CCN(CCN3CCOCC3)CC2)c(CN)n1,0.4565722594060448
CCc1cc(N(C=CCl)CN2CCN(C3CCCN3)CC2)nn1CN,-0.02137290174889328
CCN1CCN(CCN2CCC(NCc3cc(C)ncc3C[NH3+])C2)CC1,-0.05399148090253503
CCOCN1CCN(C2C(NCN3C=CCC(F)=C3)CCN2C[NH3+])CC1,-0.00867613694945868
CN(C)n1nc(NCN2CCN(C3CCCN3CN)CC2)c(N)c1Cl,0.005280211312161831
CCOCN1CCN(C2C(NCN3C=CCC(F)=C3)CCN2C[NH3+])CC1,-0.00867613694945868
NCc1ccc(Br)cc1CCN1CCN(C2CCCN(CN)C2)CC1,-0.003602482778967464
CN1CCN(C2C(NC(N)n3nc(C#N)cc3Br)CCN2C)CC1,-0.007606989762093064
C=CN(CN1CCC(N2CCCC2)C1N)N1C=CCC(CNC)=C1,0.03671362073786222
C=Cc1ccn(C(N)NC2CCN(CC)C2N2CCN(C)CC2)n1,-0.013594884783029504
CC(=O)N1C=CCC(OCNC(NC(C)c2ccn(C)n2)N2CCOCC2)=C1,-0.028839219495540802
C=CN(CN1CCN(C2CCCN2CN)CC1)c1cc(CCC#N)[nH]n1,0.027155333786252678
CN1CCC(N2CCN(CCc3cc(F)cc(CN)c3)CC2)C1C[NH3+],-0.026534175471255694
CN1CCC(N2CCN(CCc3cc(F)cc(CN)c3)CC2)C1C[NH3+],-0.026534175471255694
CN1CCN(C2C(NC(C#N)N3C=CCC(Cl)=C3)CCN2CN)CC1,0.0033526859790729002
CC(C)N1CCN(CN(CN)C2CC(c3c(Cl)c(F)nn3Cl)CN2)CC1,0.003153655441987535
CNC1CCCN1CCN1CCC(COC2=CN(C(C)=O)C=CC2)C1N,-0.02432649814994714
C=Cc1cc(CC)n(CNC2CCN(CN)C2N2CCN(C)CC2)n1,-0.029077972293582
CNC(N1C=CCC(C=C(C)CN)=C1)N1CCC(N2CCOCC2)C1N,0.012250786857433082
CCC1CCN(C(NC)N2CCN(CON3C=CCC(F)=C3)CC2)C1O,-0.004954716580691909
CC1CCN(C(N)N2CCN(C)CC2)C1C=CN1C=CCC(C[NH3+])=C1,-0.01235731101688764
CC(C)CCC1CC(N(C)CN2CCNCC2)NC1N1CCOCC1,-0.007457638253221877
CC(C)CCC1CC(N(C)CN2CCNCC2)NC1N1CCOCC1,-0.007457638253221877
CC(C)CCC1CC(N(C)CN2CCNCC2)NC1N1CCOCC1,-0.007457638253221877
CN(CC=Cn1cnc2cncnc21)C1CC(CN)CN1C1CCNC1,0.010564424908142578
Cc1cc(C(N)N2CCN(C3CC(F)CN3)CC2)nc(N2C=CCC(CO)=C2)n1,-0.0019798441401286393
CN1CCC(NCN2CCCC2N2C=CCC(N3C=CCC(C[NH3+])=C3)=C2)CC1,-0.004052528659032939
CC(C)C1CCN(C2CCC(NCN3CCNCC3)N2CN)CC1,-0.0006026660162208319
NCN1CCN(C2CCC(c3nn(-c4ccc[nH]4)cc3Cl)N2CN)CC1,0.006431423223349442
CC(C)C1CCN(C2CCC(NCN3CCNCC3)N2CN)CC1,-0.0006026660162208319
CN1CCC(N2CCN(CCc3cccc(CNF)c3)CC2)C1C[NH3+],0.021380199160410118
FC(F)(F)NCN1C(NCN2CCNCC2)CCC1N1CCCCC1,-0.014885491435830178
FC(F)(F)NCN1C(NCN2CCNCC2)CCC1N1CCCCC1,-0.014885491435830178
CCc1nc(C[NH3+])cc(C2=CN(C(NC)N3CCN(C)CC3)C=CC2)n1,-0.0439405959918413
NCC=Cn1nc(OCN2CCN(C3CCCN3CS)CC2)cc1Cl,-0.02570975514228624
CC(C)c1c(F)c(C2CCC(N3CCN(CN)CC3)N2)nn1CN,0.006424296274154084
Cc1nn(OCC2CCN(CN)C2N2CCN(CN)CC2)c(F)c1Cl,-0.11124215897999334
CCN1CCN(C(NC(N)c2csc(F)n2)N2CCOCC2)CC1,0.003777787536954902
CCC(OCl)N1CCCC1N1CCN(CN(CN)COCl)CC1,-0.0066775517405699425
NCc1csc(C2=CN(C3CC(N4CCCC4N)CN3C[NH3+])C=CC2)n1,0.01943538049471505
CN1CCC(N2CCN(CCc3cccc(CN)c3)CC2)C1C[NH3+],-0.03045263502365625
CN(CN)CN(CN1CCC(N2C=CCC(Cl)=C2)CC1)C1CCCN1,0.007625082405479322
CC(C)N1CCN(CN(CN)COc2[nH]nc(C=CF)c2C#N)CC1,-0.00859941743753323
CN(C)N1C=CCC(CN(CN)C2CCCN(C3CCCN(CN)C3)C2)=C1,-0.01669196344067614
CC(C)N1CCN(CN(CN)COc2[nH]nc(C=CF)c2C#N)CC1,-0.00859941743753323
CC(C)C=Cc1n[nH]c(OCN(CN)CN2CCN(C(C)C)CC2)c1C#N,-0.008391373405877478
N#CCOc1csc(C2CC(N3CCN(C[NH3+])CC3)N(C3CCCN3)C2)n1,0.01745995787071075
[NH3+]CN1CCN(C(Nc2cn(N3C=CCC=C3)nc2F)N2CCCCC2)CC1,-0.0011980806982543335
N#CCOc1csc(C2CC(N3CCN(C[NH3+])CC3)N(C3CCCN3)C2)n1,0.01745995787071075
CCN1CCN(C(CN)(C[NH3+])Oc2csc(C3=CN(C#N)C=CC3)n2)CC1,-0.003402508969194473
CCN1CCN(C(NCN(C)C)Oc2cc(N)nc(N3C=CCC=C3)n2)CC1,-0.018956656355546886
N#CCOc1csc(C2CC(N3CCN(C[NH3+])CC3)N(C3CCCN3)C2)n1,0.01745995787071075
CC(C)N1CCN(CN(CN)COc2[nH]nc(C=CF)c2C#N)CC1,-0.00859941743753323
C=Cc1nn(C(=C)C)c(OCN(CN)CN2CCN(C(C)C)CC2)c1C#N,-0.015025934258207418
CC(C)C=Cc1n[nH]c(OCN(CN)CN2CCN(C(C)C)CC2)c1C#N,-0.008391373405877478
C=Cc1nn(C(=C)C)c(OCN(CN)CN2CCN(C(C)C)CC2)c1C#N,-0.015025934258207418
CC(F)=CC(N)N1CCN(C2CCC(N)N2CCN(C)C)CC1,0.008320483992399264
C=Cc1nn(C2CC2)c(OCN(CN)CN2CCN(C(C)C)CC2)c1C#N,-0.012361188915714472
C=Cc1nn(C(=C)C)c(OCN(CN)CN2CCN(C(C)C)CC2)c1C#N,-0.015025934258207418
C=Cc1nn(C2CC2)c(OCN(CN)CN2CCN(C(C)C)CC2)c1C#N,-0.012361188915714472
CN1CCC(N2CCN(CCc3cc(F)cc(CN)c3)CC2)C1C[NH3+],-0.026534175471255694
CC(=O)COn1ncc(C2CCC(NCN3CCN(C(C)C)CC3)N2)c1C,0.011524047655669278
C=Cc1nn(C2CC2)c(OCN(CN)CN2CCN(C(C)C)CC2)c1C#N,-0.012361188915714472
CC(=O)COn1ncc(C2CCC(NCN3CCN(C(C)C)CC3)N2)c1C,0.011524047655669278
CC(=O)COn1ncc(C2CCC(NCN3CCN(C(C)C)CC3)N2)c1C,0.011524047655669278
CN1CCC(NCC2CN(C(F)(F)F)CCC2N2CCN(C[NH3+])CC2)C1,0.01170232619362721
C=Cc1cnn(CNC2CCN(CN)C2N2CCN(C)CC2)c1Br,-0.006595487016747947
CN1CCN(C2CCC(c3nn(F)cc3N3C=CCC(C[NH3+])=C3)N2)CC1,-0.0008615419649310452
CN(C)C1CCNCC1NCN1CCN(C2CC=CCC2)CC1,-0.02769073259433974
CNCC1=CN(C2CCC(NCc3cccnc3)N2CCN(C)C)C=CC1,0.0003163960057387394
COc1csc(C2CC(N3CCN(C[NH3+])CC3)N(C3CCCN3)C2)n1,-0.011884416976166712
CN1CCN(C(N)N2CCC(CS)C2N2CCCC2N(C)C)CC1,0.0014637300180994073
CC1=CCC(N2CCN(CNC3CNCCC3N(C)C)CC2)CC1,-0.009125868405294946
CC1=CCC(N2CCN(CNC3CNCCC3N(C)C)CC2)CC1,-0.009125868405294946
CC1=CCC(N2CCN(CNC3CNCCC3N(C)C)CC2)CC1,-0.009125868405294946
CCN1CCC(N2CCC(C(C)=O)C2)C1NC(C#N)N1CCNCC1,-0.006979713424833722
CCN1CCC(N2CCC(C(C)=O)C2)C1NC(C#N)N1CCNCC1,-0.006979713424833722
CC=Cn1nc(F)cc1CNC1CC(N(C)C)CN1C1CCCN1CN,-0.05966568535080352
CCN1CCC(N2CCC(C(C)=O)C2)C1NC(C#N)N1CCNCC1,-0.006979713424833722
NCN(CC1=CN(c2ncccn2)C=CC1)C1CCCN1C1CCCN1,0.009227073853267043
CC1CC(N2CCN(CN(CN)c3ccn(F)n3)CC2)N(CN)C1C,-0.012461175820600912
CCN1CCC(N2CCC(C(C)=O)C2)C1NCN1CCNCC1,-0.007690731415137431
CN(C)C1CCC(N2CCCC2NC(C[NH3+])c2csc(Cl)n2)N1,-0.0018292349343405068
CC(C)C=Cc1n[nH]c(OCN(CN)CN2CCN(C(C)C)CC2)c1C#N,-0.008391373405877478
CNC(N1CCN(CN)CC1)N1CCCC1N1CCCC1C=CF,-0.04820345488329514
NCN1C=CCC(CCN2CCC(F)C2N2CCN(CN)CC2)=C1,-0.04331740716956145
CCn1ncc(Cl)c1C(C#N)NCCN1CCN(C2CCCN2)CC1,-0.005327833332679055
CN1CCC(NCN2C=CCC(C=CF)=C2)C1N1CCN(CN)CC1,-0.0006406065398779637
CCN(CN1CCN(C2NCCC2NCN2C=CCC=C2)CC1)C1CC1,0.007642690162314669
C=Cc1csc(NC(=O)CCN2CCN(C3CCCN3C[NH3+])CC2)n1,-0.0055473014446625335
CNC(C)N1CCN(C2CC(C)CN2CCC2=CN(CN)C=CC2)CC1,-0.004606858575117223
NCN1CCN(C2CCC(c3nn(-c4ccc[nH]4)cc3Cl)N2CN)CC1,0.006431423223349442
CCc1cc(N(C[NH3+])CN2CCN(C3CCC(N)N3C)CC2)nn1Cl,-0.0061912422660697075
CCN1CCN(C(NC(N)n2nccc2Cl)N2CCOCC2)CC1,0.037594951852317426
CC1CC(N2CCN(C(N)N3C=CCC(Cl)=C3)CC2)N(CCN)C1F,0.006709793474270143
CC=CN(CN1CCN(CNC(C)C)CC1)c1nc(C#N)cc(CN)n1,-0.03677361011139468
CNC(N1CCC(N)CC1)N1CCN(CN(C)n2cccn2)CC1,0.034503323214643555
C=Cc1cccc(C(N)NC(N2CCOCC2)N2CCN(CC)CC2)n1,0.0008218853582202534
NCN1CCN(C(Nc2cn(N3C=CCC=C3)nc2F)N2CCCCC2)CC1,-0.010786447567790902
COc1ccc(CN)c(CCN2CCN(C3CCCN(CN)C3)CC2)c1,-0.026083186318502594
CC(=O)N1C=CCC(OCNC(NCc2ccnn2Cl)N2CCOCC2)=C1,0.008281390579901737
CCNCN1CCC(N2CCN(CC)CC2)C1N1CCCC1N,0.03466661419767614
CC(=O)N1C=CCC(OCNC(NCc2ccnn2Cl)N2CCOCC2)=C1,0.008281390579901737
NCC1=CN(c2nccc(N3CCN(C(N)N4CCOCC4)CC3)n2)C=CC1,-0.010996378144821906
CC=Cc1cc(N(C=O)CN2CCN(C3CCN(C)C3)CC2)nn1CN,-0.021919371059247572
CCc1cc(C2CCC(N3CCN(C(C)O)CC3)N2CN)nn1C=CCl,-0.00031035629113862484
CCc1cc(C2CCC(N3CCN(C(C)O)CC3)N2CN)nn1C=CCl,-0.00031035629113862484
CCc1cc(C2CCC(N3CCN(C(C)O)CC3)N2CN)nn1C=CCl,-0.00031035629113862484
CCC1CCC(N2CCN(C(NC)N3C=CCC(Cl)=C3)CC2)N1CN,-0.011170045127418149
CN(C)n1nc(NCN2CCN(C3CCCN3CN)CC2)c(N)c1Cl,0.005280211312161831
Cc1ccn(CNC2CCN(CCC[NH3+])C2N2CCN(C)CC2)n1,-0.009613959617093992
CN(C)n1nc(NCN2CCN(C3CCCN3CN)CC2)c(N)c1Cl,0.005280211312161831
CN(C)n1nc(NCN2CCN(C3CCCN3CN)CC2)c(N)c1Cl,0.005280211312161831
C=Cc1cc(Br)nn1CNC1CCN(CN)C1N1CCN(C)CC1,-0.015519056257673691
CCN1CCC(NCN2C=CCC(C#N)=C2)C1N1CCN(CN)CC1,-0.004299980527415426
CC(C)NCN1CCN(C2CC(COc3ccc(CN)s3)N(C)C2)CC1,0.04601890099303996
CNCC1=CN(C2CCC(NCn3ccc(Cl)n3)N2CCN(C)C)C=CC1,-0.007652266851098322
CNCC1=CN(C2CCC(NCn3cc(C)cn3)N2CCN(C)C)C=CC1,-0.00758435121759049
C=Cc1nn(C=CC(NC2CCCOC2)N2CCN(CN)CC2)cc1C#N,0.011967281010768716
CNCC1=CN(C2CCC(NCn3ccc(Cl)n3)N2CCN(C)C)C=CC1,-0.007652266851098322
CNCC1=CN(C2CCC(NCn3ccc(Cl)n3)N2CCN(C)C)C=CC1,-0.007652266851098322
CNCC1=CN(C2CCC(NCn3cc(C)cn3)N2CCN(C)C)C=CC1,-0.00758435121759049
CNCC1=CN(C2CCC(NCn3cc(C)cn3)N2CCN(C)C)C=CC1,-0.00758435121759049
CCN1CCC(NCN2C=CCC(N(C)C)=C2)C1N1CCN(CN)CC1,-0.010351703666879986
CCNCn1nc(C2CC(CN)C(N3CCN(C)CC3)N2)cc1C,0.00432289434231603
CNCC1=CN(C2CCC(NC(C#N)n3cccn3)N2CCN(C)C)C=CC1,0.00544234940635413
CNCC1=CN(C2CCC(NC(C#N)n3cccn3)N2CCN(C)C)C=CC1,0.00544234940635413
CNCC1=CN(C2CCC(NC(C#N)n3cccn3)N2CCN(C)C)C=CC1,0.00544234940635413
NCN1C(N)CCC1N(CCN1CCCC1)Cc1c[nH]c2ccccc12,0.015287496063072892
C=Cc1ccn(-n2cc(CNC3C(C4CCN(C)C4)CCN3C[NH3+])c(F)n2)n1,-0.008975783239888901
NCN1C(c2cc(CCn3cccn3)n(C=CCl)n2)CCC1N1CCNCC1,-0.003339100082972002
CC(=O)N1C=CCC(OCC2CCN(CN(C3CCNC3)C3CCCN3)C2)=C1,-0.007999915240520128
NCN1C(c2cc(CCn3cccn3)n(C=CCl)n2)CCC1N1CCNCC1,-0.003339100082972002
NCN1C(c2cc(CCn3cccn3)n(C=CCl)n2)CCC1N1CCNCC1,-0.003339100082972002
CCn1cnc2c(=O)[nH]c(OCN3CCC(N)C3N3CCN(C)CC3)nc21,-0.019170255215251952
